[{"id":"user-image-IMG-20240102-WA0016.jpg","publicUrl":"np://user.desktop.nicepage.com/Site_32257018/images/IMG-20240102-WA0016.jpg","size":64252,"hash":"tmpalSR0imb7fSTIv/SS8MhwYDE=","fileName":"IMG-20240102-WA0016.jpg","name":"IMG-20240102-WA0016","width":768,"height":1024,"thumbnail":{"url":"np://user.desktop.nicepage.com/Site_32257018/images/thumbnails/IMG-20240102-WA0016.jpg","width":188,"height":250},"folderId":null,"usages":["426520611"]},{"id":"user-image-IMG-20231204-WA0036.jpg","publicUrl":"np://user.desktop.nicepage.com/Site_32257018/images/IMG-20231204-WA0036.jpg","size":178091,"hash":"NEEEk3UxqHrB57Mb8mXe0YqcfKE=","fileName":"IMG-20231204-WA0036.jpg","name":"IMG-20231204-WA0036","width":1200,"height":1600,"thumbnail":{"url":"np://user.desktop.nicepage.com/Site_32257018/images/thumbnails/IMG-20231204-WA0036.jpg","width":188,"height":250},"folderId":null,"usages":["426520611"]},{"id":"user-image-IMG-20231204-WA0032.jpg","publicUrl":"np://user.desktop.nicepage.com/Site_32257018/images/IMG-20231204-WA0032.jpg","size":169435,"hash":"TgSnTPT/VMW5N4zrS7zHPTKtuQw=","fileName":"IMG-20231204-WA0032.jpg","name":"IMG-20231204-WA0032","width":1600,"height":1200,"thumbnail":{"url":"np://user.desktop.nicepage.com/Site_32257018/images/thumbnails/IMG-20231204-WA0032.jpg","width":250,"height":188},"folderId":null,"usages":["426520611"]},{"id":"user-image-IMG-20231119-WA0013.jpg","publicUrl":"np://user.desktop.nicepage.com/Site_32257018/images/IMG-20231119-WA0013.jpg","size":90469,"hash":"jZU8G5C/AihVwSYthZ8YaGkORM0=","fileName":"IMG-20231119-WA0013.jpg","name":"IMG-20231119-WA0013","width":1280,"height":720,"thumbnail":{"url":"np://user.desktop.nicepage.com/Site_32257018/images/thumbnails/IMG-20231119-WA0013.jpg","width":250,"height":141},"folderId":null,"usages":["426520611"]},{"id":"user-image-IMG-20231203-WA0013.jpg","publicUrl":"np://user.desktop.nicepage.com/Site_32257018/images/IMG-20231203-WA0013.jpg","size":108450,"hash":"OZIxLbSjBn7tKSnhVtpPuv2Iyww=","fileName":"IMG-20231203-WA0013.jpg","name":"IMG-20231203-WA0013","width":1600,"height":900,"thumbnail":{"url":"np://user.desktop.nicepage.com/Site_32257018/images/thumbnails/IMG-20231203-WA0013.jpg","width":250,"height":141},"folderId":null,"usages":["426520611"]},{"id":"user-image-IMG-20231021-WA0009.jpg","publicUrl":"np://user.desktop.nicepage.com/Site_32257018/images/IMG-20231021-WA0009.jpg","size":79093,"hash":"RckDNv6KW1RBU3m2xNfD5QYFsHE=","fileName":"IMG-20231021-WA0009.jpg","name":"IMG-20231021-WA0009","width":768,"height":1024,"thumbnail":{"url":"np://user.desktop.nicepage.com/Site_32257018/images/thumbnails/IMG-20231021-WA0009.jpg","width":188,"height":250},"folderId":null,"usages":["426520611"]},{"id":"user-image-IMG-20230907-WA0023.jpg","publicUrl":"np://user.desktop.nicepage.com/Site_32257018/images/IMG-20230907-WA0023.jpg","size":110940,"hash":"J0M+idytIShKPjicNPjXCSexZGA=","fileName":"IMG-20230907-WA0023.jpg","name":"IMG-20230907-WA0023","width":1200,"height":1600,"thumbnail":{"url":"np://user.desktop.nicepage.com/Site_32257018/images/thumbnails/IMG-20230907-WA0023.jpg","width":188,"height":250},"folderId":null,"usages":["426520611"]},{"id":"user-image-IMG-20230718-WA0030.jpg","publicUrl":"np://user.desktop.nicepage.com/Site_32257018/images/IMG-20230718-WA0030.jpg","size":170182,"hash":"7w7zC7qvKPuNoXtsea0tH1OJPNY=","fileName":"IMG-20230718-WA0030.jpg","name":"IMG-20230718-WA0030","width":960,"height":1280,"thumbnail":{"url":"np://user.desktop.nicepage.com/Site_32257018/images/thumbnails/IMG-20230718-WA0030.jpg","width":188,"height":250},"folderId":null,"usages":["426520611"]},{"id":"user-image-2017_09_05_tuscanyeditorial_0318_97769_55125.jpg","publicUrl":"np://user.desktop.nicepage.com/Site_32257018/images/2017_09_05_tuscanyeditorial_0318_97769_55125.jpg","size":63938,"hash":"619H+hvsuGQ54ej9qpL5OmYv0t8=","fileName":"2017_09_05_tuscanyeditorial_0318_97769_55125.jpg","name":"2017_09_05_tuscanyeditorial_0318_97769_55125","width":1600,"height":587,"thumbnail":{"url":"np://user.desktop.nicepage.com/Site_32257018/images/thumbnails/2017_09_05_tuscanyeditorial_0318_97769_55125.jpg","width":250,"height":92},"folderId":null,"originalUrl":"//images01.nicepage.com/c461c07a441a5d220e8feb1a/0b3b02886c345e7eb264e747/2017_09_05_tuscanyeditorial_0318_97769_55125.jpg","usages":["426520611"]},{"id":"user-image-2014_03_23_ashleighsaul_0059_32852.jpg","publicUrl":"np://user.desktop.nicepage.com/Site_32257018/images/2014_03_23_ashleighsaul_0059_32852.jpg","size":15963,"hash":"oblj47Brvk29sgLUS0ncyr2w/hQ=","fileName":"2014_03_23_ashleighsaul_0059_32852.jpg","name":"2014_03_23_ashleighsaul_0059_32852","width":1600,"height":427,"thumbnail":{"url":"np://user.desktop.nicepage.com/Site_32257018/images/thumbnails/2014_03_23_ashleighsaul_0059_32852.jpg","width":250,"height":67},"folderId":null,"originalUrl":"//images01.nicepage.com/c461c07a441a5d220e8feb1a/ebbc2e769c625d1fbf4d25ee/2014_03_23_ashleighsaul_0059_32852.jpg","usages":["426520611"]},{"id":"user-image-2014_08_09_ingajames_0038_63428.jpg","publicUrl":"np://user.desktop.nicepage.com/Site_32257018/images/2014_08_09_ingajames_0038_63428.jpg","size":308745,"hash":"UP8Ki8TKXkbcsuHJPRWCOw9olB4=","fileName":"2014_08_09_ingajames_0038_63428.jpg","name":"2014_08_09_ingajames_0038_63428","width":1000,"height":663,"thumbnail":{"url":"np://user.desktop.nicepage.com/Site_32257018/images/thumbnails/2014_08_09_ingajames_0038_63428.jpg","width":250,"height":166},"folderId":null,"originalUrl":"//images01.nicepage.com/c461c07a441a5d220e8feb1a/1d5c82e7d9385f63bc2bc1c8/2014_08_09_ingajames_0038_63428.jpg","usages":["426520611"]},{"id":"user-image-001.png","publicUrl":"np://user.desktop.nicepage.com/Site_32257018/images/001.png","size":123985,"hash":"mStZc76cKSzWQSWf/HpUgo39M3c=","fileName":"001.png","name":"001","width":516,"height":534,"thumbnail":{"url":"np://user.desktop.nicepage.com/Site_32257018/images/thumbnails/001.png","width":242,"height":250},"folderId":null,"originalUrl":"//images01.nicepage.com/c461c07a441a5d220e8feb1a/514cba0b100e53f6a9789875/001.png","usages":["426520611"]},{"id":"user-image-002.png","publicUrl":"np://user.desktop.nicepage.com/Site_32257018/images/002.png","size":91985,"hash":"E/eyUUS2W3RZtLBVAHHOzXgUMn4=","fileName":"002.png","name":"002","width":348,"height":534,"thumbnail":{"url":"np://user.desktop.nicepage.com/Site_32257018/images/thumbnails/002.png","width":163,"height":250},"folderId":null,"originalUrl":"//images01.nicepage.com/c461c07a441a5d220e8feb1a/058432336336537b84a74ac0/002.png","usages":["426520611"]}]